userId,content,boughtTime,voteCount,replyCount,starStep,creationTime,referenceName
22390221036,此用户未填写评价内容,2025-02-03 18:56:43,0,0,5,2025-02-17 11:31:44,vivo X200 Pro 12GB+256GB 钛色 国家补贴 蔡司2亿APO超级长焦 蓝晶×天玑9400 6000mAh蓝海电池手机
22385252109,此用户未填写评价内容,2025-01-02 15:15:14,0,0,5,2025-02-16 02:27:55,vivo X200 Pro 12GB+256GB 钛色 国家补贴 蔡司2亿APO超级长焦 蓝晶×天玑9400 6000mAh蓝海电池手机
22371052940,用了8天体验下来很好，色彩、续航都很满意，9小时只用了15%的电量两天充一次电，拍照也很牛，vivo售后服务直得信耐。,2025-02-04 08:53:03,1,1,5,2025-02-12 16:53:08,vivo X200 Pro 12GB+256GB 钛色 国家补贴 蔡司2亿APO超级长焦 蓝晶×天玑9400 6000mAh蓝海电池手机
22370721170,从苹果换成Gigi，就是看中了他的摄像头。过两天也正好去看演唱会，就派上用场啦。日常使用都很不错，爱了爱了！,2025-02-05 14:07:27,0,1,5,2025-02-12 15:50:06,vivo X200 Pro 12GB+256GB 钛色 国家补贴 蔡司2亿APO超级长焦 蓝晶×天玑9400 6000mAh蓝海电池手机
22370013239,此用户未填写评价内容,2025-02-11 07:25:51,0,0,5,2025-02-12 12:48:17,vivo X200 Pro 12GB+256GB 钛色 国家补贴 蔡司2亿APO超级长焦 蓝晶×天玑9400 6000mAh蓝海电池手机
22368422343,"vivo大厂风范！产品做工精细！用料考究！系统流畅！
选京东自营商品：放心，省心！",2025-02-10 16:40:55,0,1,5,2025-02-12 02:10:20,vivo X200 Pro 12GB+256GB 钛色 国家补贴 蔡司2亿APO超级长焦 蓝晶×天玑9400 6000mAh蓝海电池手机
22367017351,目前使用起来拍张挺清晰的，使用起来系统流畅。我买它就是用来拍照，目前还没有正常使用卡都没装，~给了朋友买了一台promini，还有个朋友再纠结,2025-01-27 10:03:29,1,1,5,2025-02-11 18:28:29,vivo X200 Pro 12GB+256GB 钛色 国家补贴 蔡司2亿APO超级长焦 蓝晶×天玑9400 6000mAh蓝海电池手机
22365678053,此用户未及时填写评价内容，系统默认评价！,2024-12-09 08:51:48,0,0,5,2025-02-11 14:52:13,vivo X200 Pro 12GB+256GB 钛色 国家补贴 蔡司2亿APO超级长焦 蓝晶×天玑9400 6000mAh蓝海电池手机
22364752260,商品质量也太差了吧，出厂自带的软壳还能刮花航空级铝合边框，是不是产品本身就问题，手机设计前不是试过成千上万的检测吗？这么低的错误竟然发生在消费者身上，又不是消费者故意认为弄画的，手机是不是要带本送的软壳来保护机子？现在是被保护的软壳刮花了机身，这不是我的问题。希望能退款，我作为消费者使用起来很不用心，心里很不舒服！要消费者来买单，让我失眠睡不着觉,2025-02-06 16:15:15,0,1,1,2025-02-11 10:38:44,vivo X200 Pro 12GB+256GB 钛色 国家补贴 蔡司2亿APO超级长焦 蓝晶×天玑9400 6000mAh蓝海电池手机
22362340445,此用户未填写评价内容,2025-02-08 16:47:02,0,0,5,2025-02-10 17:51:35,vivo X200 Pro 12GB+256GB 钛色 国家补贴 蔡司2亿APO超级长焦 蓝晶×天玑9400 6000mAh蓝海电池手机
22362328008,商品质量超棒，完全超出了我的预期！价格实惠，用国家补贴性价比超高。主打一个拍照功能，人文街拍氛围感的神！,2025-01-20 12:48:37,0,1,5,2025-02-10 17:47:20,vivo X200 Pro 12GB+256GB 钛色 国家补贴 蔡司2亿APO超级长焦 蓝晶×天玑9400 6000mAh蓝海电池手机
22358887712,太满意了，拍照效果超好，每一张都是精图,2025-01-23 09:53:23,1,1,5,2025-02-09 21:12:03,vivo X200 Pro 12GB+256GB 钛色 国家补贴 蔡司2亿APO超级长焦 蓝晶×天玑9400 6000mAh蓝海电池手机
22357686122,正好该换手机了，新出的x200 pro 拍照效果太好了，金属边框很漂亮，镜头很大。,2025-01-20 20:28:22,0,1,5,2025-02-09 15:30:52,vivo X200 Pro 12GB+256GB 钛色 国家补贴 蔡司2亿APO超级长焦 蓝晶×天玑9400 6000mAh蓝海电池手机
22354821187,手机很棒，屏幕很清晰，电池也大，性能十分不错，拍照更是这个手机的王牌，随手一拍就是那种非常棒的感觉，孩子收到手很满意！,2025-01-31 23:47:25,0,0,5,2025-02-08 18:36:25,vivo X200 Pro 12GB+256GB 钛色 国家补贴 蔡司2亿APO超级长焦 蓝晶×天玑9400 6000mAh蓝海电池手机
22351601012,手机挺好用的，感觉挺丝滑的，外观也非常美观，游戏也不卡顿，这是真实感受，屏幕是曲屏，挺好看的，图标非常大气，值得购入！,2025-01-16 10:01:59,0,1,5,2025-02-07 22:30:13,vivo X200 Pro 12GB+256GB 钛色 国家补贴 蔡司2亿APO超级长焦 蓝晶×天玑9400 6000mAh蓝海电池手机
22351283755,国补减500，价格真香，拍照效果：长焦#的很！！！,2025-02-02 18:49:14,0,0,5,2025-02-07 20:45:13,vivo X200 Pro 12GB+256GB 钛色 国家补贴 蔡司2亿APO超级长焦 蓝晶×天玑9400 6000mAh蓝海电池手机
22350588044,此用户未填写评价内容,2025-02-06 13:28:38,0,0,5,2025-02-07 17:36:41,vivo X200 Pro 12GB+256GB 钛色 国家补贴 蔡司2亿APO超级长焦 蓝晶×天玑9400 6000mAh蓝海电池手机
22348430413,京东快递一天就到了  收到后立马拆开了  颜值还是非常不错的  很满意,2025-02-05 19:43:41,0,1,5,2025-02-07 09:28:49,vivo X200 Pro 12GB+256GB 钛色 国家补贴 蔡司2亿APO超级长焦 蓝晶×天玑9400 6000mAh蓝海电池手机
22348283141,"拍照效果：挺好，是我喜欢的机型
运行速度：快",2025-01-13 11:46:16,0,0,5,2025-02-07 08:29:48,vivo X200 Pro 12GB+256GB 钛色 国家补贴 蔡司2亿APO超级长焦 蓝晶×天玑9400 6000mAh蓝海电池手机
22348217909,好用，宝石蓝特别好看，是那种水凝一样的壳，拍照很清晰，很有性价比,2025-01-23 13:45:32,0,0,5,2025-02-07 07:42:14,vivo X200 Pro 12GB+256GB 钛色 国家补贴 蔡司2亿APO超级长焦 蓝晶×天玑9400 6000mAh蓝海电池手机
22348152562,手机收到了 非常好用,2025-02-03 12:29:26,0,1,5,2025-02-07 05:07:23,vivo X200 Pro 12GB+256GB 钛色 国家补贴 蔡司2亿APO超级长焦 蓝晶×天玑9400 6000mAh蓝海电池手机
22347722644,天玑9400真的很强，拍照打游戏毫无压力，温度也控制的很好，纯纯是六边形战士！兄弟们冲,2025-02-04 20:14:16,0,0,5,2025-02-06 22:14:41,vivo X200 Pro 12GB+256GB 钛色 国家补贴 蔡司2亿APO超级长焦 蓝晶×天玑9400 6000mAh蓝海电池手机
22347403306,蓝色很漂亮；手机比较沉；照相比较满意，没有特别需求足够用了；显示很细腻。苹果系统转来很快就适应。,2025-01-27 12:18:06,0,0,5,2025-02-06 20:23:56,vivo X200 Pro 12GB+256GB 钛色 国家补贴 蔡司2亿APO超级长焦 蓝晶×天玑9400 6000mAh蓝海电池手机
22344955172,vivo一如既往的好，60直接200port,2025-02-05 12:53:09,0,0,5,2025-02-06 10:47:16,vivo X200 Pro 12GB+256GB 钛色 国家补贴 蔡司2亿APO超级长焦 蓝晶×天玑9400 6000mAh蓝海电池手机
22344250231,此用户未填写评价内容,2025-02-03 20:22:05,0,0,5,2025-02-05 23:54:36,vivo X200 Pro 12GB+256GB 钛色 国家补贴 蔡司2亿APO超级长焦 蓝晶×天玑9400 6000mAh蓝海电池手机
22344031820,拍照很不错，国补很划算,2025-02-01 16:40:01,0,0,5,2025-02-05 21:54:19,vivo X200 Pro 12GB+256GB 钛色 国家补贴 蔡司2亿APO超级长焦 蓝晶×天玑9400 6000mAh蓝海电池手机
22341716844,此用户未及时填写评价内容，系统默认评价！,2024-11-16 17:44:26,0,0,5,2025-02-05 13:22:50,vivo X200 Pro 12GB+256GB 钛色 国家补贴 蔡司2亿APO超级长焦 蓝晶×天玑9400 6000mAh蓝海电池手机
22341514541,质量非常好，完全超出期望值，发货速度非常快，包装非常仔细、严实，很满意的一次购物超出预期，质量很好，做工精细，满意,2025-02-04 16:25:59,0,0,5,2025-02-05 12:20:29,vivo X200 Pro 12GB+256GB 钛色 国家补贴 蔡司2亿APO超级长焦 蓝晶×天玑9400 6000mAh蓝海电池手机
22340713934,一直用的这个品牌，每次出新款手机都能带来不一样的体验效果，手感很好，电池超耐用👍👍👍,2025-01-21 10:27:35,0,0,5,2025-02-05 09:27:45,vivo X200 Pro 12GB+256GB 钛色 国家补贴 蔡司2亿APO超级长焦 蓝晶×天玑9400 6000mAh蓝海电池手机
22340358882,刚开始使用，从iqoo11转过来的，目前来看体验顺畅，未来会继续体验的。,2025-02-04 02:15:28,0,0,5,2025-02-04 23:44:49,vivo X200 Pro 12GB+256GB 钛色 国家补贴 蔡司2亿APO超级长焦 蓝晶×天玑9400 6000mAh蓝海电池手机
22339806638,快递服务好，手机系统流畅，拍照效果还不错,2025-02-03 23:04:23,0,0,5,2025-02-04 19:38:30,vivo X200 Pro 12GB+256GB 钛色 国家补贴 蔡司2亿APO超级长焦 蓝晶×天玑9400 6000mAh蓝海电池手机
22339297767,此用户未填写评价内容,2025-02-03 17:32:11,0,0,5,2025-02-04 16:13:15,vivo X200 Pro 12GB+256GB 钛色 国家补贴 蔡司2亿APO超级长焦 蓝晶×天玑9400 6000mAh蓝海电池手机
22338934394,挺好的，价格适中，质量看着不错很满意👍，做工很好，物流快，客服很棒，点赞发货速度很快，卖家服务也好，目前很满意商品物超所值，质量没毛病。物流迅速，商家服务热情，售后服务周到。购物体验超级棒！商品物美价廉，质量绝佳。物流高效，商家服务耐心，售后无忧。发货速度很快，卖家服务也好，目前很满意,2025-02-03 19:54:40,0,0,5,2025-02-04 13:30:20,vivo X200 Pro 12GB+256GB 钛色 国家补贴 蔡司2亿APO超级长焦 蓝晶×天玑9400 6000mAh蓝海电池手机
22338903873,此用户未填写评价内容,2025-02-03 19:58:47,0,0,5,2025-02-04 13:18:48,vivo X200 Pro 12GB+256GB 钛色 国家补贴 蔡司2亿APO超级长焦 蓝晶×天玑9400 6000mAh蓝海电池手机
22338754851,手机很好看，很流畅，最满意的是拍照，绝了,2025-01-27 19:11:02,0,0,5,2025-02-04 12:12:47,vivo X200 Pro 12GB+256GB 钛色 国家补贴 蔡司2亿APO超级长焦 蓝晶×天玑9400 6000mAh蓝海电池手机
22338634575,外观很好看，待机时间很长，运行也很流畅，特别拍照效果非常好,2025-02-03 11:27:50,0,0,5,2025-02-04 11:26:17,vivo X200 Pro 12GB+256GB 钛色 国家补贴 蔡司2亿APO超级长焦 蓝晶×天玑9400 6000mAh蓝海电池手机
22338429909,此用户未填写评价内容,2025-02-02 13:32:35,0,0,5,2025-02-04 10:07:02,vivo X200 Pro 12GB+256GB 钛色 国家补贴 蔡司2亿APO超级长焦 蓝晶×天玑9400 6000mAh蓝海电池手机
22338214843,手机用着非常流畅好用，很满意，拍照强大，主摄也很强大，特别是长焦非常厉害，放大100倍字体不会发虚，太强大了，,2025-01-24 15:51:11,0,0,5,2025-02-04 07:47:20,vivo X200 Pro 12GB+256GB 钛色 国家补贴 蔡司2亿APO超级长焦 蓝晶×天玑9400 6000mAh蓝海电池手机
22337948932,我前一部是x70pro，這次換成x200pro，非常有進步神速的感覺，很喜歡買對的感覺！,2025-01-16 18:30:48,2,0,5,2025-02-03 22:31:45,vivo X200 Pro 12GB+256GB 钛色 国家补贴 蔡司2亿APO超级长焦 蓝晶×天玑9400 6000mAh蓝海电池手机
22337375262,"外形外观：看了好久不错
屏幕音效：不错
拍照效果：好极了，放大也很清晰
其他特色：主要是为了出去玩买的拍照",2025-02-01 10:50:29,0,0,5,2025-02-03 17:34:42,vivo X200 Pro 12GB+256GB 钛色 国家补贴 蔡司2亿APO超级长焦 蓝晶×天玑9400 6000mAh蓝海电池手机
22336875622,新出的x200pro拍照简直戳中了我的所有喜好。新机入手金属边框很漂亮，镜头拉近了看，真的跟望远镜一样。喜欢长焦拍照的，入手不亏。平台优惠200，国补500，送耳机爽！,2025-01-31 13:19:05,0,0,5,2025-02-03 13:22:12,vivo X200 Pro 12GB+256GB 钛色 国家补贴 蔡司2亿APO超级长焦 蓝晶×天玑9400 6000mAh蓝海电池手机
22336803984,去线下选了很久最终定了这个，目前感受不错,2025-02-02 19:10:17,0,0,5,2025-02-03 12:43:38,vivo X200 Pro 12GB+256GB 钛色 国家补贴 蔡司2亿APO超级长焦 蓝晶×天玑9400 6000mAh蓝海电池手机
22336379736,真的很好，收货了一段时间才来追评！很不错，拍照真的很好看，很清晰；续航也杠杠的。手机外观颜值很高，客服态度服务也很好，每次都是很用心都回答我所有疑问,2025-01-28 22:03:15,0,0,5,2025-02-03 09:22:33,vivo X200 Pro 12GB+256GB 钛色 国家补贴 蔡司2亿APO超级长焦 蓝晶×天玑9400 6000mAh蓝海电池手机
22336375455,首先得给物流点赞，京东物流值得信赖，手机很好吧，用用再来评价吧,2025-02-02 19:16:05,0,0,5,2025-02-03 09:18:40,vivo X200 Pro 12GB+256GB 钛色 国家补贴 蔡司2亿APO超级长焦 蓝晶×天玑9400 6000mAh蓝海电池手机
22336342804,摄影没得谈👍价钱比较实在！,2025-02-02 08:08:56,0,0,5,2025-02-03 08:59:18,vivo X200 Pro 12GB+256GB 钛色 国家补贴 蔡司2亿APO超级长焦 蓝晶×天玑9400 6000mAh蓝海电池手机
22335892234,手机太好用了，比我之前用过的手机都好用，拍照简直无敌，是我见过拍照最好的手机,2025-02-01 13:16:29,0,0,5,2025-02-02 21:17:04,vivo X200 Pro 12GB+256GB 钛色 国家补贴 蔡司2亿APO超级长焦 蓝晶×天玑9400 6000mAh蓝海电池手机
22335853709,物流配送快，拍照功能太好了,2025-01-28 21:09:23,0,0,5,2025-02-02 20:57:57,vivo X200 Pro 12GB+256GB 钛色 国家补贴 蔡司2亿APO超级长焦 蓝晶×天玑9400 6000mAh蓝海电池手机
22335834674,使用特别顺畅。内存特别大，作为旗舰机型拍照效果太好了，绝对物超所值啊,2025-01-25 22:38:31,0,0,5,2025-02-02 20:46:27,vivo X200 Pro 12GB+256GB 钛色 国家补贴 蔡司2亿APO超级长焦 蓝晶×天玑9400 6000mAh蓝海电池手机
22335755005,已经拿到了，同时还买了手机壳，质感超好,2025-02-01 23:41:08,0,0,5,2025-02-02 20:05:43,vivo X200 Pro 12GB+256GB 钛色 国家补贴 蔡司2亿APO超级长焦 蓝晶×天玑9400 6000mAh蓝海电池手机
22335752190,"外观大气，系统流畅。
拍照效果：拍照效果强悍",2025-01-28 14:17:30,0,0,5,2025-02-02 20:05:21,vivo X200 Pro 12GB+256GB 钛色 国家补贴 蔡司2亿APO超级长焦 蓝晶×天玑9400 6000mAh蓝海电池手机
22335719931,手机特别好，流畅，拍照厉害，系统也很棒啊,2025-01-28 17:46:38,0,0,5,2025-02-02 19:46:50,vivo X200 Pro 12GB+256GB 钛色 国家补贴 蔡司2亿APO超级长焦 蓝晶×天玑9400 6000mAh蓝海电池手机
22335496192,月光白这一款外观很漂亮，拍照录像属于是第一梯队了，内存大，玩游戏很流程，基本上不掉帧，手感也可以。,2025-01-23 11:09:33,0,0,5,2025-02-02 17:45:18,vivo X200 Pro 12GB+256GB 钛色 国家补贴 蔡司2亿APO超级长焦 蓝晶×天玑9400 6000mAh蓝海电池手机
22335190804,质感很好，拍照摄像都很清晰，手机流畅度也非常高,2025-02-01 07:39:49,0,0,5,2025-02-02 15:12:08,vivo X200 Pro 12GB+256GB 钛色 国家补贴 蔡司2亿APO超级长焦 蓝晶×天玑9400 6000mAh蓝海电池手机
22335077571,外观时尚，屏幕清晰，操作流畅，是我喜欢的手机。,2025-01-31 19:03:13,0,0,5,2025-02-02 14:03:28,vivo X200 Pro 12GB+256GB 钛色 国家补贴 蔡司2亿APO超级长焦 蓝晶×天玑9400 6000mAh蓝海电池手机
22334307676,非常好，尤其是拍照我非常喜欢,2025-01-31 21:20:36,0,0,5,2025-02-02 00:33:22,vivo X200 Pro 12GB+256GB 钛色 国家补贴 蔡司2亿APO超级长焦 蓝晶×天玑9400 6000mAh蓝海电池手机
22333883234,续航表现非常出色，屏幕触控体验也很舒适。,2025-01-28 21:55:47,0,0,5,2025-02-01 19:36:24,vivo X200 Pro 12GB+256GB 钛色 国家补贴 蔡司2亿APO超级长焦 蓝晶×天玑9400 6000mAh蓝海电池手机
22333684279,从IQOO10换到X200pro，还是习惯VIVO的橘子系统，使用了几天感觉还不错,2025-01-27 06:36:29,0,0,5,2025-02-01 17:42:21,vivo X200 Pro 12GB+256GB 钛色 国家补贴 蔡司2亿APO超级长焦 蓝晶×天玑9400 6000mAh蓝海电池手机
22333164615,此用户未填写评价内容,2025-01-29 10:59:43,0,0,4,2025-02-01 12:23:13,vivo X200 Pro 12GB+256GB 钛色 国家补贴 蔡司2亿APO超级长焦 蓝晶×天玑9400 6000mAh蓝海电池手机
22333016504,手机不错，拍照清晰的，处理器也高端，我很满意这手机,2025-01-22 21:19:45,0,0,5,2025-02-01 11:02:55,vivo X200 Pro 12GB+256GB 钛色 国家补贴 蔡司2亿APO超级长焦 蓝晶×天玑9400 6000mAh蓝海电池手机
22332816469,非常喜欢 vivo这次新款手机 希望越做越好,2025-01-30 16:30:49,0,0,5,2025-02-01 09:01:22,vivo X200 Pro 12GB+256GB 钛色 国家补贴 蔡司2亿APO超级长焦 蓝晶×天玑9400 6000mAh蓝海电池手机
22332294241,"外形外观：除了后背摄像头较大外其他都非常舒服
拍照效果：冲着这点买的 绝了 手机拍照机皇
待机时间：不存在电量焦虑，放心使用",2025-01-29 17:26:21,1,0,5,2025-01-31 21:17:11,vivo X200 Pro 12GB+256GB 钛色 国家补贴 蔡司2亿APO超级长焦 蓝晶×天玑9400 6000mAh蓝海电池手机
22332106848,"特别好看，拍照很清晰，体验很流畅，整体很不错
外形外观：好看
屏幕音效：好，震撼
拍照效果：长焦很牛
运行速度：非常流畅不卡顿
待机时间：超长续航",2025-01-26 20:01:49,0,0,5,2025-01-31 19:29:44,vivo X200 Pro 12GB+256GB 钛色 国家补贴 蔡司2亿APO超级长焦 蓝晶×天玑9400 6000mAh蓝海电池手机
22331816634,此用户未及时填写评价内容，系统默认评价！,2024-11-25 16:06:06,0,0,5,2025-01-31 16:33:45,vivo X200 Pro 12GB+256GB 钛色 国家补贴 蔡司2亿APO超级长焦 蓝晶×天玑9400 6000mAh蓝海电池手机
22331707508,"像素无敌
外形外观：精致
拍照效果：NB",2025-01-29 13:18:50,0,0,5,2025-01-31 14:54:48,vivo X200 Pro 12GB+256GB 钛色 国家补贴 蔡司2亿APO超级长焦 蓝晶×天玑9400 6000mAh蓝海电池手机
22331693792,此用户未填写评价内容,2025-01-30 09:03:44,0,0,5,2025-01-31 14:44:21,vivo X200 Pro 12GB+256GB 钛色 国家补贴 蔡司2亿APO超级长焦 蓝晶×天玑9400 6000mAh蓝海电池手机
22331653434,手机非常流畅，屏幕感觉也挺好的，相机简直无敌，家人都说相机好，都爱拍照了。,2025-01-24 13:53:36,0,0,5,2025-01-31 14:13:01,vivo X200 Pro 12GB+256GB 钛色 国家补贴 蔡司2亿APO超级长焦 蓝晶×天玑9400 6000mAh蓝海电池手机
22331411246,这个手机非常好用比小米14强太多了，爱不释手了，推荐大家购买，电池续航挺好的，我是重度游戏玩家一天也就两充,2025-01-29 19:10:55,0,0,5,2025-01-31 11:33:58,vivo X200 Pro 12GB+256GB 钛色 国家补贴 蔡司2亿APO超级长焦 蓝晶×天玑9400 6000mAh蓝海电池手机
22331283990,此用户未填写评价内容,2025-01-29 12:46:16,0,0,5,2025-01-31 10:16:36,vivo X200 Pro 12GB+256GB 钛色 国家补贴 蔡司2亿APO超级长焦 蓝晶×天玑9400 6000mAh蓝海电池手机
22331281408,质量很好，物流也很快，非常喜欢😍客服态度很好，大品牌值得信赖！,2025-01-29 17:43:47,0,0,5,2025-01-31 10:14:36,vivo X200 Pro 12GB+256GB 钛色 国家补贴 蔡司2亿APO超级长焦 蓝晶×天玑9400 6000mAh蓝海电池手机
22331220820,这款手机真是太棒了！外观时尚大气📱，性能强大，拍照效果惊艳👍。使用体验非常满意，是一款值得拥有的高端手机。推荐给所有追求高品质生活的朋友！,2025-01-28 17:45:48,0,0,5,2025-01-31 09:30:12,vivo X200 Pro 12GB+256GB 钛色 国家补贴 蔡司2亿APO超级长焦 蓝晶×天玑9400 6000mAh蓝海电池手机
22330774449,使用vivo X200 Pro已经有一段时间了，我对这款手机的整体表现非常满意。首先，它的外观设计非常时尚，轻薄的机身和优雅的曲线让它拿在手里感觉非常舒适。屏幕显示效果出色，色彩鲜艳且清晰，无论是观看视频还是浏览网页，视觉体验都非常棒。  性能方面，vivo X200 Pro搭载的处理器运行流畅，无论是日常使用还是玩一些大型游戏，都能轻松应对。手机的存储空间足够大，可以存储大量的照片、视频和应用，而且运行速度也很快，没有出现卡顿的情况。  拍照功能是我最喜欢的部分之一。后置摄像头的成像质量非常高，无论是白天还是夜晚，都能拍出清晰、细腻的照片。前置摄像头自拍效果也很棒，美颜功能自然，滤镜多样，非常适合喜欢拍照的用户。  电池续航能力也让我印象深刻。即使是在频繁使用的情况下，vivo X200 Pro也能轻松撑过一天，而且支持快速充电，充电速度很快，非常方便。    总的来说，vivo X200 Pro是一款性能均衡、设计精良的智能手机，无论是外观、性能还是拍照能力，都给我留下了深刻的印象。对于追求时尚和实用性的用户来说，它绝对是一个不错的选择,2025-01-26 20:04:51,0,0,5,2025-01-30 20:27:09,vivo X200 Pro 12GB+256GB 钛色 国家补贴 蔡司2亿APO超级长焦 蓝晶×天玑9400 6000mAh蓝海电池手机
22330676107,非常不错，发货快，照相很不错,2025-01-29 08:46:10,0,0,5,2025-01-30 19:17:59,vivo X200 Pro 12GB+256GB 钛色 国家补贴 蔡司2亿APO超级长焦 蓝晶×天玑9400 6000mAh蓝海电池手机
22330622989,"以旧换新： 从x9到x90s在到x200Pro手机，好用没得说
外形外观：外形相当哇塞
屏幕音效：听歌刷视频挺爽
拍照效果：拍照像素很给力
运行速度：天机9400运行速度很快不卡顿",2025-01-28 11:14:06,0,0,5,2025-01-30 18:34:46,vivo X200 Pro 12GB+256GB 钛色 国家补贴 蔡司2亿APO超级长焦 蓝晶×天玑9400 6000mAh蓝海电池手机
22330617818,此用户未填写评价内容,2025-01-29 20:46:58,0,0,5,2025-01-30 18:33:07,vivo X200 Pro 12GB+256GB 钛色 国家补贴 蔡司2亿APO超级长焦 蓝晶×天玑9400 6000mAh蓝海电池手机
22330486832,这拍照简直就是绝绝子，手机质感，手感都非常好，颜值好高，橘子系统流畅度就不用担心的了，盒子都很高端。,2025-01-29 22:50:11,0,0,5,2025-01-30 16:50:39,vivo X200 Pro 12GB+256GB 钛色 国家补贴 蔡司2亿APO超级长焦 蓝晶×天玑9400 6000mAh蓝海电池手机
22330471304,手机非常不错，拍照清晰,2025-01-28 16:37:13,0,0,5,2025-01-30 16:38:16,vivo X200 Pro 12GB+256GB 钛色 国家补贴 蔡司2亿APO超级长焦 蓝晶×天玑9400 6000mAh蓝海电池手机
22330363040,喜欢喜欢,2025-01-29 09:54:39,0,0,5,2025-01-30 15:13:53,vivo X200 Pro 12GB+256GB 钛色 国家补贴 蔡司2亿APO超级长焦 蓝晶×天玑9400 6000mAh蓝海电池手机
22330288116,手机真的很好，性能强大，拍照更是强大。值得入手，价格还优惠！赠品也很多，京东值得信赖！,2025-01-22 21:19:02,0,0,5,2025-01-30 14:10:16,vivo X200 Pro 12GB+256GB 钛色 国家补贴 蔡司2亿APO超级长焦 蓝晶×天玑9400 6000mAh蓝海电池手机
22330129082,冲着拍照买的，暂时还没有让我失望！,2025-01-29 01:25:13,0,0,5,2025-01-30 12:01:31,vivo X200 Pro 12GB+256GB 钛色 国家补贴 蔡司2亿APO超级长焦 蓝晶×天玑9400 6000mAh蓝海电池手机
22329989292,手机出了问题，让自己去送修检测，证明是质量问题，那我花钱在京东买手机，一点保证都没有？什么都得自己弄，不是说可以上门取件，检测，维修？难道都是忽悠消费者的？,2025-01-27 16:14:50,0,1,1,2025-01-30 10:26:06,vivo X200 Pro 12GB+256GB 钛色 国家补贴 蔡司2亿APO超级长焦 蓝晶×天玑9400 6000mAh蓝海电池手机
22329954271,非常差啊，手机有问题，贴上手机膜就不能用指纹解锁了，识别不到 什么情况？不要买什么手机几千这么垃圾 我手机膜都换了几种 都不能用 不能解锁了，什么手机贴膜就不能用指纹了？搞笑吗？,2025-01-24 20:20:22,0,2,1,2025-01-30 09:54:44,vivo X200 Pro 12GB+256GB 钛色 国家补贴 蔡司2亿APO超级长焦 蓝晶×天玑9400 6000mAh蓝海电池手机
22329379204,这款手机真的让我非常满意，使用起来特别流畅，操作也很便捷。恰逢新年之际，给自己换一部新手机，感觉非常值得。手机的外观设计也很时尚，拿在手上很有面子。功能强大，拍照效果出色，电池续航能力也让人满意。总的来说，这次购物体验非常愉快，强烈推荐给大家！,2025-01-26 14:58:42,0,0,5,2025-01-29 19:07:59,vivo X200 Pro 12GB+256GB 钛色 国家补贴 蔡司2亿APO超级长焦 蓝晶×天玑9400 6000mAh蓝海电池手机
22329325145,手感很棒，赠品很多，国补实惠,2025-01-28 17:21:26,0,0,5,2025-01-29 18:24:17,vivo X200 Pro 12GB+256GB 钛色 国家补贴 蔡司2亿APO超级长焦 蓝晶×天玑9400 6000mAh蓝海电池手机
22329031752,爱了,2025-01-26 23:28:00,0,0,5,2025-01-29 14:05:29,vivo X200 Pro 12GB+256GB 钛色 国家补贴 蔡司2亿APO超级长焦 蓝晶×天玑9400 6000mAh蓝海电池手机
22328843481,手机收到了非常喜欢，一直都是用的vivo 品牌的手机，喜欢x200pro的续航久,2025-01-25 09:45:05,0,0,5,2025-01-29 11:18:42,vivo X200 Pro 12GB+256GB 钛色 国家补贴 蔡司2亿APO超级长焦 蓝晶×天玑9400 6000mAh蓝海电池手机
22328468822,此用户未填写评价内容,2025-01-26 20:27:05,0,0,5,2025-01-28 22:54:27,vivo X200 Pro 12GB+256GB 钛色 国家补贴 蔡司2亿APO超级长焦 蓝晶×天玑9400 6000mAh蓝海电池手机
22328352159,物流很快，当天凌晨下单当天就送到了。续航很好，拍照强大，不错不错,2025-01-26 17:12:50,0,1,5,2025-01-28 21:17:16,vivo X200 Pro 12GB+256GB 钛色 国家补贴 蔡司2亿APO超级长焦 蓝晶×天玑9400 6000mAh蓝海电池手机
22328100245,借着国补的机会给媳妇换个蓝厂旗舰，线下对比了一下，京东的优惠力度最大，还送了不少赠品。除夕当天拍当天到，不得不佩服京东的速度和服务，点个大大的赞。,2025-01-28 10:35:23,0,2,5,2025-01-28 17:32:59,vivo X200 Pro 12GB+256GB 钛色 国家补贴 蔡司2亿APO超级长焦 蓝晶×天玑9400 6000mAh蓝海电池手机
22328030228,此用户未填写评价内容,2025-01-24 14:45:37,0,0,5,2025-01-28 16:42:40,vivo X200 Pro 12GB+256GB 钛色 国家补贴 蔡司2亿APO超级长焦 蓝晶×天玑9400 6000mAh蓝海电池手机
22327963161,外观漂亮，运行流程。拍照很棒。好评好评,2025-01-27 21:04:43,0,1,5,2025-01-28 15:52:16,vivo X200 Pro 12GB+256GB 钛色 国家补贴 蔡司2亿APO超级长焦 蓝晶×天玑9400 6000mAh蓝海电池手机
22327904538,收到货了，非常好,2025-01-27 08:52:59,0,1,5,2025-01-28 15:11:19,vivo X200 Pro 12GB+256GB 钛色 国家补贴 蔡司2亿APO超级长焦 蓝晶×天玑9400 6000mAh蓝海电池手机
22327894826,此用户未填写评价内容,2025-01-25 11:37:52,0,0,5,2025-01-28 15:06:11,vivo X200 Pro 12GB+256GB 钛色 国家补贴 蔡司2亿APO超级长焦 蓝晶×天玑9400 6000mAh蓝海电池手机
22327773482,非常流畅，非常香，用着很不错，拍照很清晰，手感也很不错，VIVO老用户了。,2025-01-26 23:12:42,0,1,5,2025-01-28 13:45:18,vivo X200 Pro 12GB+256GB 钛色 国家补贴 蔡司2亿APO超级长焦 蓝晶×天玑9400 6000mAh蓝海电池手机
22327672108,之前一直用的直屏，x200pro微曲的屏幕手感很丝滑，尤其是侧滑返回。整体的app响应很快，电池刷论坛、小红书、中度游戏一天下来基本还能有个50%。摄影更不用说了，拍人像尤其好，媳妇看了再也不说我拍照水平烂了，值得购买。,2025-01-24 15:31:18,0,1,5,2025-01-28 12:39:20,vivo X200 Pro 12GB+256GB 钛色 国家补贴 蔡司2亿APO超级长焦 蓝晶×天玑9400 6000mAh蓝海电池手机
22327637568,手机运行非常流畅。打游戏原神、王者荣耀、燕云十六声都行一点也不卡，而且画面全开也没问题，照相效果非常好。,2025-01-27 02:51:25,0,1,5,2025-01-28 12:17:39,vivo X200 Pro 12GB+256GB 钛色 国家补贴 蔡司2亿APO超级长焦 蓝晶×天玑9400 6000mAh蓝海电池手机
22327362750,手机手感很好，很流畅京东值得信赖。,2025-01-26 20:22:37,0,1,5,2025-01-28 09:34:10,vivo X200 Pro 12GB+256GB 钛色 国家补贴 蔡司2亿APO超级长焦 蓝晶×天玑9400 6000mAh蓝海电池手机
22326746205,拍照很清晰，屏幕也很好，系统也比较流畅，加上手机壳以后镜头没那么突出了，整体很满意。,2025-01-26 12:34:27,0,0,5,2025-01-27 21:39:56,vivo X200 Pro 12GB+256GB 钛色 国家补贴 蔡司2亿APO超级长焦 蓝晶×天玑9400 6000mAh蓝海电池手机
22326705366,外形美观，拍照功能强大,2025-01-26 20:02:42,0,1,5,2025-01-27 21:24:29,vivo X200 Pro 12GB+256GB 钛色 国家补贴 蔡司2亿APO超级长焦 蓝晶×天玑9400 6000mAh蓝海电池手机
22326551823,非常好用，拍照特别强,2025-01-21 11:19:06,0,0,5,2025-01-27 20:24:09,vivo X200 Pro 12GB+256GB 钛色 国家补贴 蔡司2亿APO超级长焦 蓝晶×天玑9400 6000mAh蓝海电池手机
22326297542,此用户未填写评价内容,2025-01-27 00:06:53,0,0,5,2025-01-27 18:42:49,vivo X200 Pro 12GB+256GB 钛色 国家补贴 蔡司2亿APO超级长焦 蓝晶×天玑9400 6000mAh蓝海电池手机
22326112336,手机挺好 物流很快,2025-01-26 00:18:53,0,1,5,2025-01-27 17:25:28,vivo X200 Pro 12GB+256GB 钛色 国家补贴 蔡司2亿APO超级长焦 蓝晶×天玑9400 6000mAh蓝海电池手机
22325803736,杠杠滴，非常中意,2025-01-26 15:40:50,0,0,5,2025-01-27 15:22:07,vivo X200 Pro 12GB+256GB 钛色 国家补贴 蔡司2亿APO超级长焦 蓝晶×天玑9400 6000mAh蓝海电池手机
22325711270,手机的效果非常好，外观非常好看摄像头功能特别强，拍照非常好看，系统非常顺滑，origin调教的不错,2025-01-24 00:09:02,0,0,5,2025-01-27 14:41:39,vivo X200 Pro 12GB+256GB 钛色 国家补贴 蔡司2亿APO超级长焦 蓝晶×天玑9400 6000mAh蓝海电池手机
22325469463,此用户未及时填写评价内容，系统默认评价！,2024-11-06 11:14:05,0,0,5,2025-01-27 13:09:26,vivo X200 Pro 12GB+256GB 钛色 国家补贴 蔡司2亿APO超级长焦 蓝晶×天玑9400 6000mAh蓝海电池手机
22325397797,不错不错，速度很快 外观也很漂亮,2025-01-26 02:46:08,0,0,5,2025-01-27 12:37:04,vivo X200 Pro 12GB+256GB 钛色 国家补贴 蔡司2亿APO超级长焦 蓝晶×天玑9400 6000mAh蓝海电池手机
22325348843,此用户未填写评价内容,2025-01-26 12:55:44,0,0,5,2025-01-27 12:18:19,vivo X200 Pro 12GB+256GB 钛色 国家补贴 蔡司2亿APO超级长焦 蓝晶×天玑9400 6000mAh蓝海电池手机
22325101048,拍照清晰，运行流畅！外观也是非常的好看！我从iQOO一用到iQOO 7竞速版。趁现在国补买一台x200 Pro ！拍照能达到我的理想效果真的可以。游戏也听流畅。,2025-01-24 08:34:23,0,1,5,2025-01-27 11:16:54,vivo X200 Pro 12GB+256GB 钛色 国家补贴 蔡司2亿APO超级长焦 蓝晶×天玑9400 6000mAh蓝海电池手机
22325077317,此用户未填写评价内容,2025-01-22 14:12:37,0,1,5,2025-01-27 11:07:32,vivo X200 Pro 12GB+256GB 钛色 国家补贴 蔡司2亿APO超级长焦 蓝晶×天玑9400 6000mAh蓝海电池手机
22324685001,此用户未填写评价内容,2025-01-25 09:11:57,0,0,5,2025-01-27 07:58:55,vivo X200 Pro 12GB+256GB 钛色 国家补贴 蔡司2亿APO超级长焦 蓝晶×天玑9400 6000mAh蓝海电池手机
22324534312,完美的手机，当代最牛的手机，用起来很舒服，绝对值得购买,2025-01-24 17:42:34,0,0,5,2025-01-27 02:03:49,vivo X200 Pro 12GB+256GB 钛色 国家补贴 蔡司2亿APO超级长焦 蓝晶×天玑9400 6000mAh蓝海电池手机
22324335415,此用户未填写评价内容,2025-01-26 00:41:38,0,0,5,2025-01-26 23:12:08,vivo X200 Pro 12GB+256GB 钛色 国家补贴 蔡司2亿APO超级长焦 蓝晶×天玑9400 6000mAh蓝海电池手机
22324139335,手机不错，照片很清晰，速度很快,2025-01-25 16:39:45,0,0,5,2025-01-26 21:53:18,vivo X200 Pro 12GB+256GB 钛色 国家补贴 蔡司2亿APO超级长焦 蓝晶×天玑9400 6000mAh蓝海电池手机
22324009227,此用户未填写评价内容,2025-01-25 18:06:28,0,0,5,2025-01-26 21:15:45,vivo X200 Pro 12GB+256GB 钛色 国家补贴 蔡司2亿APO超级长焦 蓝晶×天玑9400 6000mAh蓝海电池手机
22322654922,好看，中午到手了，拍照确实不错的，很好看，白色也好看,2025-01-25 19:39:06,0,0,5,2025-01-26 16:51:45,vivo X200 Pro 12GB+256GB 钛色 国家补贴 蔡司2亿APO超级长焦 蓝晶×天玑9400 6000mAh蓝海电池手机
22322562595,拍照现货杠杠的，出门不用带相机了,2025-01-23 19:07:08,1,0,5,2025-01-26 16:22:30,vivo X200 Pro 12GB+256GB 钛色 国家补贴 蔡司2亿APO超级长焦 蓝晶×天玑9400 6000mAh蓝海电池手机
22322311432,"外形外观：镜头凸起很大，其他感觉很完美
拍照效果：惊艳",2025-01-20 20:59:28,0,1,5,2025-01-26 14:55:05,vivo X200 Pro 12GB+256GB 钛色 国家补贴 蔡司2亿APO超级长焦 蓝晶×天玑9400 6000mAh蓝海电池手机
22322282165,手机性能好，拍照像素好的不得了,2025-01-24 09:00:13,0,0,5,2025-01-26 14:45:11,vivo X200 Pro 12GB+256GB 钛色 国家补贴 蔡司2亿APO超级长焦 蓝晶×天玑9400 6000mAh蓝海电池手机
22322058741,拍照很棒，手感很好，就是有点重，要适应一下,2025-01-25 18:06:58,0,1,5,2025-01-26 13:51:41,vivo X200 Pro 12GB+256GB 钛色 国家补贴 蔡司2亿APO超级长焦 蓝晶×天玑9400 6000mAh蓝海电池手机
22322056234,上个vivo手机用了好多年 总得来讲还不错 已经习惯了这个系统  新年换新机还是优先考虑你 只是天玑还没用过希望别让人失望  😄😄,2025-01-25 00:01:42,0,0,5,2025-01-26 13:51:40,vivo X200 Pro 12GB+256GB 钛色 国家补贴 蔡司2亿APO超级长焦 蓝晶×天玑9400 6000mAh蓝海电池手机
22321924116,拿到手很惊艳，摄像功能对我来说绝对鸟枪换炮了！,2025-01-24 13:18:59,0,0,5,2025-01-26 13:06:00,vivo X200 Pro 12GB+256GB 钛色 国家补贴 蔡司2亿APO超级长焦 蓝晶×天玑9400 6000mAh蓝海电池手机
22321904365,商品质量一流，细节完美。材质优质，使用起来效果显著，是一款让人信赖的好产品。,2025-01-25 00:01:28,0,0,5,2025-01-26 12:59:01,vivo X200 Pro 12GB+256GB 钛色 国家补贴 蔡司2亿APO超级长焦 蓝晶×天玑9400 6000mAh蓝海电池手机
22321582547,外观非常好看，性能稳定，拍照没得说，蔡司的镜头十分强大,2025-01-21 10:45:12,0,1,5,2025-01-26 11:26:52,vivo X200 Pro 12GB+256GB 钛色 国家补贴 蔡司2亿APO超级长焦 蓝晶×天玑9400 6000mAh蓝海电池手机
22321469329,此用户未填写评价内容,2025-01-25 10:24:02,0,0,5,2025-01-26 10:51:11,vivo X200 Pro 12GB+256GB 钛色 国家补贴 蔡司2亿APO超级长焦 蓝晶×天玑9400 6000mAh蓝海电池手机
22321424471,体验拉满了,2025-01-24 13:16:44,0,0,5,2025-01-26 10:36:11,vivo X200 Pro 12GB+256GB 钛色 国家补贴 蔡司2亿APO超级长焦 蓝晶×天玑9400 6000mAh蓝海电池手机
22321284733,"外形外观：是我喜欢的颜色，手机大小也很适合。
屏幕音效：音质非常清晰
拍照效果：拍出来的照片没得说。
待机时间：电池挺耐用",2025-01-24 09:25:59,0,1,5,2025-01-26 09:45:33,vivo X200 Pro 12GB+256GB 钛色 国家补贴 蔡司2亿APO超级长焦 蓝晶×天玑9400 6000mAh蓝海电池手机
22321144908,"没办法用习惯vivo了，手机偏重了点,这后镜头好大，不太习惯，其它的都很好。",2025-01-22 23:04:53,0,1,5,2025-01-26 08:43:49,vivo X200 Pro 12GB+256GB 钛色 国家补贴 蔡司2亿APO超级长焦 蓝晶×天玑9400 6000mAh蓝海电池手机
22320439505,手机收到很满意   旧手机可以一件换机  方便实用  不负期待,2025-01-23 13:20:43,1,0,5,2025-01-25 21:44:42,vivo X200 Pro 12GB+256GB 钛色 国家补贴 蔡司2亿APO超级长焦 蓝晶×天玑9400 6000mAh蓝海电池手机
22320207763,拍照效果：拍照效果很好，很清晰,2025-01-24 11:42:05,0,0,5,2025-01-25 20:33:23,vivo X200 Pro 12GB+256GB 钛色 国家补贴 蔡司2亿APO超级长焦 蓝晶×天玑9400 6000mAh蓝海电池手机
22320188911,发货到货速度非常快，宝石蓝的颜色表现十分亮眼，很推荐vivo的手机,2025-01-22 15:51:54,0,0,5,2025-01-25 20:28:38,vivo X200 Pro 12GB+256GB 钛色 国家补贴 蔡司2亿APO超级长焦 蓝晶×天玑9400 6000mAh蓝海电池手机
22319832059,拍照真的很好看，曲面屏用起来很舒服,2025-01-22 11:57:07,0,0,5,2025-01-25 18:43:54,vivo X200 Pro 12GB+256GB 钛色 国家补贴 蔡司2亿APO超级长焦 蓝晶×天玑9400 6000mAh蓝海电池手机
22319739395,从苹果换成vivo，外观设计时尚大气，屏幕显示效果出色，性能强劲，续航能力优秀，拍照功能出色，音质表现优异,2025-01-23 15:26:09,0,1,5,2025-01-25 18:15:55,vivo X200 Pro 12GB+256GB 钛色 国家补贴 蔡司2亿APO超级长焦 蓝晶×天玑9400 6000mAh蓝海电池手机
22319616398,太喜欢了。非常棒。手感不错。一直用这个品牌手机。从x20到现在,2025-01-25 10:40:08,0,1,5,2025-01-25 17:38:53,vivo X200 Pro 12GB+256GB 钛色 国家补贴 蔡司2亿APO超级长焦 蓝晶×天玑9400 6000mAh蓝海电池手机
22319017121,"手机购买之后第一时间快递就送到了，上手体验很完美，拍照功能非常强大，作为一款全能手机很满意。
拍照效果：这款手机最满意的就是拍照效果，人像很强，长焦潜望效果独一档的强大。
待机时间：待机时间很久日常使用和出行都不用担心续航问题，本身快充就很快。
运行速度：基本不怎么杀后台，不用担心切换应用时候被杀后台了。",2025-01-21 14:00:42,0,1,5,2025-01-25 14:32:48,vivo X200 Pro 12GB+256GB 钛色 国家补贴 蔡司2亿APO超级长焦 蓝晶×天玑9400 6000mAh蓝海电池手机
22318991593,此用户未填写评价内容,2025-01-24 12:38:24,0,0,5,2025-01-25 14:24:46,vivo X200 Pro 12GB+256GB 钛色 国家补贴 蔡司2亿APO超级长焦 蓝晶×天玑9400 6000mAh蓝海电池手机
22318926998,今天刚收货，拍照太棒了！层次丰富，宽容度高，画面清晰，色彩鲜艳沉稳，值得拥有。,2025-01-24 14:28:39,0,0,5,2025-01-25 14:05:36,vivo X200 Pro 12GB+256GB 钛色 国家补贴 蔡司2亿APO超级长焦 蓝晶×天玑9400 6000mAh蓝海电池手机
22318752021,此用户未填写评价内容,2025-01-22 16:57:44,0,0,5,2025-01-25 13:07:49,vivo X200 Pro 12GB+256GB 钛色 国家补贴 蔡司2亿APO超级长焦 蓝晶×天玑9400 6000mAh蓝海电池手机
22318644095,此用户未填写评价内容,2025-01-21 14:30:05,0,0,5,2025-01-25 12:34:17,vivo X200 Pro 12GB+256GB 钛色 国家补贴 蔡司2亿APO超级长焦 蓝晶×天玑9400 6000mAh蓝海电池手机
22318312156,"拍照方面，刚拿到还在逐步学习中，拍的很真实很清晰
续航方面，很强基本满电能用一天不用额外再充电
系统流畅度不错，还在持续学习中，有国补很有性价比",2025-01-20 16:27:04,0,0,5,2025-01-25 10:56:44,vivo X200 Pro 12GB+256GB 钛色 国家补贴 蔡司2亿APO超级长焦 蓝晶×天玑9400 6000mAh蓝海电池手机
22318120854,买到了心仪的商品，物美价廉，质量好得没话说。物流顺畅，商家服务细致，售后服务靠谱。,2025-01-24 02:41:54,0,0,5,2025-01-25 09:55:55,vivo X200 Pro 12GB+256GB 钛色 国家补贴 蔡司2亿APO超级长焦 蓝晶×天玑9400 6000mAh蓝海电池手机
22317841306,"拍照效果：冲着拍照效果来的，到手后迫不及待的试了下，影像小灭霸果然不是吹的

外形外观：微曲屏比曲面屏握感好，避免了许多不必要的误触",2025-01-23 20:58:12,0,1,5,2025-01-25 07:34:28,vivo X200 Pro 12GB+256GB 钛色 国家补贴 蔡司2亿APO超级长焦 蓝晶×天玑9400 6000mAh蓝海电池手机
22317008901,蓝色非常漂亮！镜头确实有点大，不过手持感还好，单手操作没问题。,2025-01-23 14:03:41,0,1,5,2025-01-24 21:22:24,vivo X200 Pro 12GB+256GB 钛色 国家补贴 蔡司2亿APO超级长焦 蓝晶×天玑9400 6000mAh蓝海电池手机
22316992402,"用了随机送的原厂手机壳，也很漂亮。
影像功能上简直逆天了！尤其那颗潜望长焦镜头，试了一下，堪比望远镜啊。夜里都能把很远的地方拍的一清二楚，太震撼了。
拍照功能非常强大，自动算法直接出片，省去很多修图时间，大爱啊！
总之，货真价实，非常喜欢。",2025-01-23 13:42:18,0,1,5,2025-01-24 21:18:10,vivo X200 Pro 12GB+256GB 钛色 国家补贴 蔡司2亿APO超级长焦 蓝晶×天玑9400 6000mAh蓝海电池手机
22316963818,不错，好看又好用,2025-01-23 22:27:16,0,1,5,2025-01-24 21:10:11,vivo X200 Pro 12GB+256GB 钛色 国家补贴 蔡司2亿APO超级长焦 蓝晶×天玑9400 6000mAh蓝海电池手机
22316837045,外观惊艳，系统流畅，使用得心应手，拍照镜头强悍，色彩还原，色泽自然，拍照参数调教得当，能媲美单反级别，非常好的体验！,2025-01-23 22:56:48,0,1,5,2025-01-24 20:34:56,vivo X200 Pro 12GB+256GB 钛色 国家补贴 蔡司2亿APO超级长焦 蓝晶×天玑9400 6000mAh蓝海电池手机
22316557687,拍照好，推荐购买。以旧换新的活动也挺实惠。第一次用vivo，系统流畅，功能强大。国产机里确实算好的了。值得买。,2025-01-20 21:26:10,0,1,5,2025-01-24 19:21:30,vivo X200 Pro 12GB+256GB 钛色 国家补贴 蔡司2亿APO超级长焦 蓝晶×天玑9400 6000mAh蓝海电池手机
22316313613,质感很好，之前用的60Pro+，无缝衔接换机，拍照无敌了，下次还买他家的,2025-01-21 20:39:24,0,1,5,2025-01-24 18:39:36,vivo X200 Pro 12GB+256GB 钛色 国家补贴 蔡司2亿APO超级长焦 蓝晶×天玑9400 6000mAh蓝海电池手机
22314895882,"以旧换新：从x90到现在一直用的保值换新服务，感觉确实很好。算一下买个5k的手机用三年再换新机，一年也是1k多，还不如保值换新每年用新机。保值换新还有全保服务，前阵子x100pro摔得稀碎也给免费官方维修，这售后真是顶了
外形外观：这次vivo很听劝，出了直屏，手感和外观都深得我心啊。
拍照效果：不用说，拍照一如既往的好，每次出去玩都会给路人拍照，都会被手机种草。

运行速度：运行极其流畅丝滑，橘子系统yyds
待机时间：x100的蓝海电池中度使用一天一冲都还有余电，这次的电池更大，更久。

家人们不说了，快冲啊",2025-01-23 12:32:42,0,1,5,2025-01-24 14:11:39,vivo X200 Pro 12GB+256GB 钛色 国家补贴 蔡司2亿APO超级长焦 蓝晶×天玑9400 6000mAh蓝海电池手机
22314636022,同样倍数放大，这清晰度，根根分明，好喜欢(ღ˘⌣˘ღ),2025-01-23 16:01:28,1,2,5,2025-01-24 13:01:10,vivo X200 Pro 12GB+256GB 钛色 国家补贴 蔡司2亿APO超级长焦 蓝晶×天玑9400 6000mAh蓝海电池手机
22314094007,此用户未填写评价内容,2025-01-19 22:46:46,0,0,5,2025-01-24 10:45:26,vivo X200 Pro 12GB+256GB 钛色 国家补贴 蔡司2亿APO超级长焦 蓝晶×天玑9400 6000mAh蓝海电池手机
22312758726,开机试过各项功能，长焦镜头相当惊艳，选的钛色也是典雅大方，各方面都很满意👍,2025-01-22 20:51:58,0,0,5,2025-01-23 21:45:15,vivo X200 Pro 12GB+256GB 钛色 国家补贴 蔡司2亿APO超级长焦 蓝晶×天玑9400 6000mAh蓝海电池手机
22312673327,快递小哥送货上门还是挺好的，赠品也不错，很实用，手机手感还行除了模组有点大，拍照由于是晚上没机会去实拍，新手机就是好使，振动上比此前用的80好很多，超声波指纹嘎嘎好使，推荐购买,2025-01-20 13:38:08,0,0,5,2025-01-23 21:23:03,vivo X200 Pro 12GB+256GB 钛色 国家补贴 蔡司2亿APO超级长焦 蓝晶×天玑9400 6000mAh蓝海电池手机
22312505573,此用户未填写评价内容,2025-01-22 11:17:15,0,0,5,2025-01-23 20:40:58,vivo X200 Pro 12GB+256GB 钛色 国家补贴 蔡司2亿APO超级长焦 蓝晶×天玑9400 6000mAh蓝海电池手机
22312398185,"更换新的手机，选择了VIVO，到手之后感觉非常棒，期待使用表现。
外形外观：非常漂亮，
屏幕音效：表现不错
拍照效果：非常👍",2025-01-21 22:03:27,0,0,5,2025-01-23 20:13:43,vivo X200 Pro 12GB+256GB 钛色 国家补贴 蔡司2亿APO超级长焦 蓝晶×天玑9400 6000mAh蓝海电池手机
22312127008,我一开始就瞅中它模样了，拿着不沉，还轻薄得很，放兜里也不坠得慌。后背那设计带劲，颜色鲜亮，看着就上档次，拍照更是没得说！我这随手一拍，那效果，跟艺术照似的。不管是拍远处的楼，还是眼前的小花，都清楚得很，颜色也好看。晚上出去拍夜景，那灯光啥的，拍出来一点不糊，比我之前手机强太多,2025-01-22 21:45:26,0,0,5,2025-01-23 19:07:32,vivo X200 Pro 12GB+256GB 钛色 国家补贴 蔡司2亿APO超级长焦 蓝晶×天玑9400 6000mAh蓝海电池手机
22311909657,整体流畅顺滑，外观特别好看，拍照也很好看，还得是蔡司镜头,2025-01-22 11:33:25,0,0,5,2025-01-23 18:22:46,vivo X200 Pro 12GB+256GB 钛色 国家补贴 蔡司2亿APO超级长焦 蓝晶×天玑9400 6000mAh蓝海电池手机
22311746704,不错,2025-01-22 08:41:30,0,0,5,2025-01-23 17:59:29,vivo X200 Pro 12GB+256GB 钛色 国家补贴 蔡司2亿APO超级长焦 蓝晶×天玑9400 6000mAh蓝海电池手机
22311542399,好用，拍照也清楚，系统也挺流畅，后续使用还歹再试试,2025-01-22 00:05:10,0,0,5,2025-01-23 17:29:22,vivo X200 Pro 12GB+256GB 钛色 国家补贴 蔡司2亿APO超级长焦 蓝晶×天玑9400 6000mAh蓝海电池手机
22311537607,"很好用，心动的感觉！！！！！！！！！！！
新机就是流畅！！！
下次还是vivo！",2025-01-20 21:33:50,0,0,5,2025-01-23 17:28:47,vivo X200 Pro 12GB+256GB 钛色 国家补贴 蔡司2亿APO超级长焦 蓝晶×天玑9400 6000mAh蓝海电池手机
22311504921,好看，还没使用，很期待了，拍照杠杆的,2025-01-22 14:21:22,0,0,5,2025-01-23 17:25:41,vivo X200 Pro 12GB+256GB 钛色 国家补贴 蔡司2亿APO超级长焦 蓝晶×天玑9400 6000mAh蓝海电池手机
22310991579,X200pro这手机不错，性能上，搭载天玑9400处理器，采用3nm制程技术，12核架构，安兔兔跑分达291万分，运行大型游戏、多任务处理都稳定流畅1。屏幕为6.78英寸全等深微四曲AMOLED屏，支持高刷新率、高亮度，还有多种调光护眼技术和色彩认证。,2025-01-20 13:54:20,0,1,5,2025-01-23 15:41:46,vivo X200 Pro 12GB+256GB 钛色 国家补贴 蔡司2亿APO超级长焦 蓝晶×天玑9400 6000mAh蓝海电池手机
22310925418,速度流畅，满足了拍照的需求～好评,2025-01-22 14:09:04,0,1,5,2025-01-23 15:27:27,vivo X200 Pro 12GB+256GB 钛色 国家补贴 蔡司2亿APO超级长焦 蓝晶×天玑9400 6000mAh蓝海电池手机
22310206155,比想象中好用，，，把我的13promxa淘汰了,2025-01-20 22:01:40,0,1,5,2025-01-23 13:03:18,vivo X200 Pro 12GB+256GB 钛色 国家补贴 蔡司2亿APO超级长焦 蓝晶×天玑9400 6000mAh蓝海电池手机
22309880639,关注了很久的x200 pro，这次有国补活动不能错过了。手机拍照功能没得说，充电快，电池耐用，颜值高，很好！有想要的可以入了。,2025-01-21 17:28:53,0,1,5,2025-01-23 11:38:43,vivo X200 Pro 12GB+256GB 钛色 国家补贴 蔡司2亿APO超级长焦 蓝晶×天玑9400 6000mAh蓝海电池手机
22309831770,照相还是要vivo x系列，之前冲首发90 pro照相超级好，去年换了华为，还是感觉不行，今年继续换回x200 pro，出片的感觉果然又回来了，照相领域，语无伦次的强大,2025-01-21 08:44:16,0,1,5,2025-01-23 11:27:06,vivo X200 Pro 12GB+256GB 钛色 国家补贴 蔡司2亿APO超级长焦 蓝晶×天玑9400 6000mAh蓝海电池手机
22308931287,此用户未填写评价内容,2025-01-21 12:10:23,0,0,5,2025-01-23 05:19:58,vivo X200 Pro 12GB+256GB 钛色 国家补贴 蔡司2亿APO超级长焦 蓝晶×天玑9400 6000mAh蓝海电池手机
22308406838,"拍照效果：拍照效果和功能非常满意
运行速度：运行速度很快
外形外观：钛色非常漂亮有质感",2025-01-21 10:10:21,0,1,5,2025-01-22 22:44:24,vivo X200 Pro 12GB+256GB 钛色 国家补贴 蔡司2亿APO超级长焦 蓝晶×天玑9400 6000mAh蓝海电池手机
22308318355,此用户未填写评价内容,2025-01-21 14:22:49,1,0,5,2025-01-22 22:18:35,vivo X200 Pro 12GB+256GB 钛色 国家补贴 蔡司2亿APO超级长焦 蓝晶×天玑9400 6000mAh蓝海电池手机
22308058122,此用户未填写评价内容,2025-01-21 19:50:41,1,0,5,2025-01-22 21:14:59,vivo X200 Pro 12GB+256GB 钛色 国家补贴 蔡司2亿APO超级长焦 蓝晶×天玑9400 6000mAh蓝海电池手机
22307984729,这部手机简直超出了我的期待！操作流畅，屏幕清晰度高，拍照功能强大，电池续航也非常给力。设计时尚轻便，使用起来手感极佳。对于追求品质生活的我来说，这部手机完美符合我的需求，非常推荐给正在寻找高性能手机的朋友们！,2025-01-20 23:49:40,0,1,5,2025-01-22 20:58:38,vivo X200 Pro 12GB+256GB 钛色 国家补贴 蔡司2亿APO超级长焦 蓝晶×天玑9400 6000mAh蓝海电池手机
22307785260,东西很好 很有质感 推荐购买 叠加国补非常合适 使用体验非常好 也是比较了很久然后选择了这款,2025-01-21 19:47:28,0,1,5,2025-01-22 20:12:11,vivo X200 Pro 12GB+256GB 钛色 国家补贴 蔡司2亿APO超级长焦 蓝晶×天玑9400 6000mAh蓝海电池手机
22307730428,外观大气，打游戏也不错，非常流畅。非常喜欢。,2025-01-20 12:28:23,0,1,5,2025-01-22 20:07:21,vivo X200 Pro 12GB+256GB 钛色 国家补贴 蔡司2亿APO超级长焦 蓝晶×天玑9400 6000mAh蓝海电池手机
22307672323,包装很好，线下实体店试了好多最后还是选择vivo,2025-01-20 12:53:18,0,1,5,2025-01-22 19:54:55,vivo X200 Pro 12GB+256GB 钛色 国家补贴 蔡司2亿APO超级长焦 蓝晶×天玑9400 6000mAh蓝海电池手机
22307600242,趁着这波国补上车，颜值超级高，期待后续的用机体验！,2025-01-21 00:41:34,0,1,5,2025-01-22 19:39:09,vivo X200 Pro 12GB+256GB 钛色 国家补贴 蔡司2亿APO超级长焦 蓝晶×天玑9400 6000mAh蓝海电池手机
22307563414,此用户未填写评价内容,2025-01-20 18:34:09,0,0,5,2025-01-22 19:32:10,vivo X200 Pro 12GB+256GB 钛色 国家补贴 蔡司2亿APO超级长焦 蓝晶×天玑9400 6000mAh蓝海电池手机
22307405360,非常满意的一次购物体验！商品的质量超乎想象，使用起来效果非常好。下单后，快递速度非常快，包装也很严实，没有任何损坏。卖家的服务态度也非常好，回复迅速且专业。总之，这次购物让我感到非常愉快，会推荐给朋友们！,2025-01-21 17:27:16,0,1,5,2025-01-22 18:52:16,vivo X200 Pro 12GB+256GB 钛色 国家补贴 蔡司2亿APO超级长焦 蓝晶×天玑9400 6000mAh蓝海电池手机
22305592268,此用户未填写评价内容,2025-01-21 10:35:14,0,0,5,2025-01-22 16:20:21,vivo X200 Pro 12GB+256GB 钛色 国家补贴 蔡司2亿APO超级长焦 蓝晶×天玑9400 6000mAh蓝海电池手机
22304615017,非常好我很喜欢,2025-01-21 16:16:55,0,1,5,2025-01-22 15:45:44,vivo X200 Pro 12GB+256GB 钛色 国家补贴 蔡司2亿APO超级长焦 蓝晶×天玑9400 6000mAh蓝海电池手机
22299433852,手机真心不错，有颜值，有内涵，第一次用这个牌子的。总而言之，买这个手机不后悔！,2025-01-19 21:15:29,0,1,5,2025-01-22 13:59:25,vivo X200 Pro 12GB+256GB 钛色 国家补贴 蔡司2亿APO超级长焦 蓝晶×天玑9400 6000mAh蓝海电池手机
22296922405,人生第一部安卓手机，对拍照需求比较高，做了很多攻略后选定了vivo这款，用了国补，快递小哥验机迅速。从苹果转安卓没有任何不适，非常开心的购机体验❤️,2025-01-21 14:52:52,0,1,5,2025-01-22 13:00:43,vivo X200 Pro 12GB+256GB 钛色 国家补贴 蔡司2亿APO超级长焦 蓝晶×天玑9400 6000mAh蓝海电池手机
22296681037,此用户未填写评价内容,2025-01-21 10:17:16,0,0,5,2025-01-22 12:55:26,vivo X200 Pro 12GB+256GB 钛色 国家补贴 蔡司2亿APO超级长焦 蓝晶×天玑9400 6000mAh蓝海电池手机
22287777575,手机到货了，不错,2025-01-20 16:09:10,0,1,5,2025-01-22 07:32:26,vivo X200 Pro 12GB+256GB 钛色 国家补贴 蔡司2亿APO超级长焦 蓝晶×天玑9400 6000mAh蓝海电池手机
22287063823,手机收到了，上手感觉挺好的。外观设计感强。功能丰富,2025-01-20 09:54:24,0,1,5,2025-01-21 22:23:25,vivo X200 Pro 12GB+256GB 钛色 国家补贴 蔡司2亿APO超级长焦 蓝晶×天玑9400 6000mAh蓝海电池手机
22285267253,手机很满意！！！！！！！！！！,2025-01-20 12:26:23,0,1,5,2025-01-21 20:30:38,vivo X200 Pro 12GB+256GB 钛色 国家补贴 蔡司2亿APO超级长焦 蓝晶×天玑9400 6000mAh蓝海电池手机
22284155249,非常好，是真品新的。拍照效果也非常非常棒,2025-01-20 22:50:34,0,1,5,2025-01-21 19:19:48,vivo X200 Pro 12GB+256GB 钛色 国家补贴 蔡司2亿APO超级长焦 蓝晶×天玑9400 6000mAh蓝海电池手机
22280747550,手机已收到 ，现场激活。外观设计好看，期待有更好的使用体验 。,2025-01-20 12:19:01,0,1,5,2025-01-21 17:14:43,vivo X200 Pro 12GB+256GB 钛色 国家补贴 蔡司2亿APO超级长焦 蓝晶×天玑9400 6000mAh蓝海电池手机
22279295689,整体效果不错，比在网上看的好看，实用,2025-01-20 08:35:11,0,1,5,2025-01-21 13:35:17,vivo X200 Pro 12GB+256GB 钛色 国家补贴 蔡司2亿APO超级长焦 蓝晶×天玑9400 6000mAh蓝海电池手机
22278341981,手机已经收到了，然后颜色和外观非常的漂亮，拍照非常的高清，前置和后置的4K60帧拍照都很清楚，加上慢动作，加上这个蔡司式的调较的屏幕，看起来眼睛很舒服，京东送货速度很快，售前售后服务态度特别好，手机系统超级流畅，通话清晰，刷新率很快，很棒的手机,2025-01-20 10:20:40,0,1,5,2025-01-21 10:58:54,vivo X200 Pro 12GB+256GB 钛色 国家补贴 蔡司2亿APO超级长焦 蓝晶×天玑9400 6000mAh蓝海电池手机
22277975356,从vivo x fold3 Pro换过来的，用起来感觉比折叠机流畅，拍照就不说了，很顶的拍照，马达震感也是一绝，至少比折叠机好，整体还轻，用着很舒服！,2025-01-20 10:56:23,0,1,5,2025-01-21 09:37:32,vivo X200 Pro 12GB+256GB 钛色 国家补贴 蔡司2亿APO超级长焦 蓝晶×天玑9400 6000mAh蓝海电池手机
22276250388,此用户未及时填写评价内容，系统默认评价！,2024-10-15 15:57:32,0,1,5,2025-01-20 23:23:59,vivo X200 Pro 12GB+256GB 钛色 国家补贴 蔡司2亿APO超级长焦 蓝晶×天玑9400 6000mAh蓝海电池手机
